task_type,model,count,success_rate,avg_input_tokens,avg_output_tokens,avg_total_tokens,total_cost_usd,avg_cost_usd,avg_latency_seconds,total_latency_seconds
explanation,gpt-4o,12,100.0,361.4166666666667,228.41666666666666,589.8333333333334,0.038253999999999996,0.003187833333333333,4.4334999999999996,53.20199999999999
explanation,gpt-4o-mini,11,100.0,362.90909090909093,218.8181818181818,581.7272727272727,0.002044,0.0001858181818181818,5.363545454545456,58.99900000000001
interpretation,gpt-4o,11,100.0,664.8181818181819,162.72727272727272,827.5454545454545,0.03618300000000001,0.003289363636363637,3.2032727272727275,35.236000000000004
interpretation,gpt-4o-mini,14,100.0,651.2857142857143,172.0,823.2857142857143,0.002813,0.00020092857142857144,4.5355,63.49699999999999
translation,gpt-4o,11,100.0,646.9090909090909,159.9090909090909,806.8181818181819,0.035379,0.0032162727272727273,1.5758181818181818,17.334
translation,gpt-4o-mini,15,93.33333333333333,598.4666666666667,150.0,748.4666666666667,0.0026950000000000003,0.00017966666666666668,4.042133333333333,60.632
